ID,y
1,96.36992
2,96.36992
3,96.36992
4,96.36992
5,96.36992
8,96.36992
10,96.36992
11,96.36992
12,96.36992
14,96.36992
15,96.36992
16,96.36992
17,96.36992
19,96.36992
20,96.36992
21,96.36992
22,96.36992
23,96.36992
26,96.36992
28,96.36992
29,96.36992
33,96.36992
35,96.36992
41,96.36992
42,96.36992
43,96.36992
45,96.36992
46,96.36992
51,98.13202
53,98.13202
55,98.13202
56,98.13202
57,98.13202
58,98.13202
59,98.13202
63,98.13202
64,98.13202
65,98.13202
69,98.13202
71,98.13202
72,98.13202
73,98.13202
76,98.13202
77,98.13202
78,98.13202
82,98.13202
83,98.13202
84,98.13202
85,98.13202
87,98.13202
88,98.13202
89,98.13202
91,96.58374
93,96.58374
94,96.58374
95,96.58374
96,96.58374
97,96.58374
98,96.58374
99,96.58374
101,96.58374
103,96.58374
104,96.58374
105,96.58374
110,96.58374
111,96.58374
113,96.58374
114,96.58374
115,96.58374
117,96.58374
120,96.58374
121,96.58374
122,96.58374
123,96.58374
126,96.58374
132,96.58374
135,99.551216
137,99.551216
138,99.551216
140,99.551216
142,99.551216
144,99.551216
148,99.551216
149,99.551216
155,99.551216
156,99.551216
157,99.551216
162,99.551216
163,99.551216
167,102.312996
172,102.312996
179,102.312996
180,102.312996
181,102.312996
182,102.312996
183,102.312996
185,102.312996
187,102.312996
188,102.312996
189,102.312996
191,102.312996
192,102.312996
193,102.312996
194,102.312996
195,102.312996
196,102.312996
198,101.66452
199,101.66452
201,101.66452
204,101.66452
205,101.66452
206,101.66452
210,101.66452
211,101.66452
216,101.66452
219,101.66452
220,101.66452
221,101.66452
226,101.66452
227,101.66452
228,101.66452
230,105.574875
231,105.574875
235,105.574875
236,105.574875
238,105.574875
242,105.574875
243,105.574875
244,105.574875
245,105.574875
247,105.574875
248,105.574875
249,105.574875
250,105.574875
251,105.574875
253,105.574875
254,105.574875
256,105.574875
257,105.574875
258,105.574875
259,105.574875
262,105.574875
266,105.574875
267,105.574875
272,97.20766
273,97.20766
275,97.20766
276,97.20766
279,97.20766
280,97.20766
283,97.20766
285,97.20766
288,97.20766
289,97.20766
290,97.20766
291,97.20766
292,97.20766
293,97.20766
296,97.20766
297,97.20766
298,97.20766
299,97.20766
304,101.224205
305,101.224205
306,101.224205
307,101.224205
311,101.224205
313,101.224205
314,101.224205
316,101.224205
324,101.224205
327,101.224205
329,101.224205
330,101.224205
337,100.255905
338,100.255905
339,100.255905
340,100.255905
343,100.255905
345,100.255905
346,100.255905
347,100.255905
349,100.255905
350,100.255905
352,100.255905
353,100.255905
354,100.255905
357,100.255905
358,100.255905
362,100.255905
364,100.255905
365,100.255905
366,100.255905
367,100.255905
368,100.255905
370,100.255905
373,99.186424
377,99.186424
378,99.186424
382,99.186424
384,99.186424
390,99.186424
392,99.186424
393,99.186424
395,99.186424
396,99.186424
399,99.186424
406,96.43334
408,96.43334
409,96.43334
410,96.43334
412,96.43334
413,96.43334
419,96.43334
420,96.43334
421,96.43334
430,106.76218
434,106.76218
436,106.76218
437,106.76218
438,106.76218
439,106.76218
440,106.76218
443,106.76218
446,106.76218
448,106.76218
452,106.76218
453,106.76218
457,106.76218
458,106.76218
459,106.76218
460,106.76218
462,106.76218
464,106.76218
465,106.76218
467,106.76218
471,101.477776
472,101.477776
473,101.477776
475,101.477776
480,101.477776
488,101.477776
490,101.477776
491,101.477776
492,101.477776
493,101.477776
497,104.78472
498,104.78472
499,104.78472
500,104.78472
501,104.78472
502,104.78472
506,104.78472
510,104.78472
511,104.78472
512,104.78472
516,104.78472
518,104.78472
519,104.78472
521,104.78472
522,104.78472
526,104.78472
529,103.03487
532,103.03487
533,103.03487
536,103.03487
537,103.03487
539,103.03487
540,103.03487
541,103.03487
543,103.03487
546,103.03487
547,103.03487
548,103.03487
551,103.03487
552,103.03487
556,103.03487
557,103.03487
558,103.03487
559,103.03487
560,103.03487
562,103.03487
566,99.441956
570,99.441956
571,99.441956
572,99.441956
573,99.441956
575,99.441956
576,99.441956
577,99.441956
579,99.441956
580,99.441956
581,99.441956
589,99.441956
591,99.441956
593,99.441956
594,99.441956
595,99.441956
598,99.441956
602,94.92771
604,94.92771
606,94.92771
608,94.92771
609,94.92771
610,94.92771
616,94.92771
617,94.92771
618,94.92771
620,94.92771
622,94.92771
623,94.92771
624,94.92771
626,94.92771
628,94.92771
629,94.92771
630,94.92771
637,101.07711
638,101.07711
643,101.07711
645,101.07711
646,101.07711
648,101.07711
652,101.07711
653,101.07711
654,101.07711
656,101.07711
657,101.07711
659,101.07711
660,101.07711
663,101.07711
664,101.07711
666,101.07711
668,101.07711
669,101.07711
671,101.07711
675,105.6197
677,105.6197
678,105.6197
679,105.6197
682,105.6197
685,105.6197
687,105.6197
688,105.6197
693,105.6197
696,100.39895
698,100.39895
701,100.39895
704,100.39895
705,100.39895
709,100.39895
710,100.39895
711,100.39895
712,100.39895
714,100.39895
715,100.39895
716,100.39895
717,100.39895
720,100.39895
721,100.39895
724,100.39895
725,100.39895
726,100.39895
728,100.39895
731,100.39895
734,100.076935
738,100.076935
745,100.076935
746,100.076935
751,100.076935
754,100.00892
756,100.00892
758,100.00892
759,100.00892
761,100.00892
766,100.00892
767,100.00892
768,100.00892
769,100.00892
770,100.00892
771,100.00892
772,100.00892
773,100.00892
774,100.00892
776,100.00892
777,100.00892
780,100.00892
782,100.00892
787,97.167854
788,97.167854
792,97.167854
793,97.167854
798,97.167854
800,97.167854
806,97.167854
809,97.167854
811,97.167854
812,97.167854
814,97.167854
816,97.167854
817,97.167854
818,97.167854
820,97.167854
823,99.8274
829,99.8274
830,99.8274
831,99.8274
834,99.8274
839,99.8274
841,99.8274
844,99.8274
845,99.8274
848,99.8274
850,98.117165
851,98.117165
852,98.117165
854,98.117165
855,98.117165
856,98.117165
859,98.117165
861,98.117165
864,98.117165
865,98.117165
866,98.117165
867,98.117165
869,98.117165
871,98.117165
872,98.117165
882,98.117165
883,98.117165
885,98.117165
888,96.360245
893,96.360245
901,96.360245
903,96.360245
904,96.360245
905,96.360245
910,96.360245
911,96.360245
914,101.856384
918,101.856384
921,101.856384
928,101.856384
929,101.856384
932,101.856384
933,101.856384
934,101.856384
935,101.856384
937,101.856384
939,101.856384
940,101.856384
941,101.856384
942,101.856384
943,101.856384
944,101.856384
947,100.4883
949,100.4883
951,100.4883
952,100.4883
953,100.4883
954,100.4883
957,100.4883
959,100.4883
960,100.4883
963,100.4883
965,100.4883
967,100.4883
971,100.4883
972,100.4883
973,100.4883
974,100.4883
975,100.4883
978,100.4883
980,100.4883
981,100.4883
984,100.4883
986,101.602394
988,101.602394
989,101.602394
990,101.602394
992,101.602394
996,101.602394
999,101.602394
1000,101.602394
1001,101.602394
1002,101.602394
1003,101.602394
1004,101.602394
1008,101.602394
1009,101.602394
1010,101.602394
1012,101.602394
1013,101.602394
1014,101.602394
1015,101.602394
1016,101.602394
1019,101.602394
1020,101.602394
1021,101.602394
1022,101.602394
1024,102.84142
1025,102.84142
1027,102.84142
1028,102.84142
1029,102.84142
1030,102.84142
1033,102.84142
1036,102.84142
1037,102.84142
1038,102.84142
1042,102.84142
1043,102.84142
1044,102.84142
1045,102.84142
1047,102.84142
1050,102.84142
1051,102.84142
1054,102.84142
1056,102.84142
1057,102.84142
1059,102.84142
1062,101.372086
1063,101.372086
1064,101.372086
1066,101.372086
1070,101.372086
1076,101.372086
1077,101.372086
1078,101.372086
1080,101.372086
1082,101.372086
1083,101.372086
1089,99.42061
1091,99.42061
1093,99.42061
1097,99.42061
1099,99.42061
1101,99.42061
1103,99.42061
1104,99.42061
1106,99.42061
1109,99.42061
1110,99.42061
1111,99.42061
1112,99.42061
1114,99.42061
1116,99.42061
1117,99.42061
1120,100.54547
1124,100.54547
1125,100.54547
1126,100.54547
1134,100.54547
1137,100.54547
1138,100.54547
1144,104.404495
1145,104.404495
1146,104.404495
1148,104.404495
1150,104.404495
1152,104.404495
1153,104.404495
1154,104.404495
1155,104.404495
1157,104.404495
1162,104.404495
1165,104.404495
1166,104.404495
1167,104.404495
1168,104.404495
1169,104.404495
1171,104.404495
1172,104.404495
1173,104.404495
1174,104.404495
1176,104.404495
1177,104.404495
1178,104.404495
1182,104.404495
1186,104.404495
1187,104.404495
1188,104.404495
1189,104.404495
1191,103.16225
1192,103.16225
1197,103.16225
1198,103.16225
1200,103.16225
1201,103.16225
1203,103.16225
1209,103.16225
1214,107.37591
1218,107.37591
1222,107.37591
1226,107.37591
1228,107.37591
1230,107.37591
1232,103.818985
1233,103.818985
1236,103.818985
1238,103.818985
1241,103.818985
1244,103.818985
1246,103.818985
1247,103.818985
1250,103.818985
1251,103.818985
1254,103.818985
1255,103.818985
1256,103.818985
1257,103.818985
1258,103.818985
1259,103.818985
1260,103.818985
1263,103.818985
1267,101.87723
1268,101.87723
1271,101.87723
1272,101.87723
1274,101.87723
1275,101.87723
1276,101.87723
1277,101.87723
1279,101.87723
1281,101.87723
1282,101.87723
1283,101.87723
1285,101.87723
1286,101.87723
1289,101.87723
1296,101.87723
1299,105.48552
1301,105.48552
1306,105.48552
1307,105.48552
1308,105.48552
1313,105.48552
1314,105.48552
1315,105.48552
1316,105.48552
1317,105.48552
1319,105.48552
1323,105.48552
1324,105.48552
1325,105.48552
1328,105.48552
1329,105.48552
1330,105.48552
1331,105.48552
1332,105.48552
1337,97.85916
1338,97.85916
1339,97.85916
1340,97.85916
1343,97.85916
1347,97.85916
1348,97.85916
1349,97.85916
1352,97.85916
1354,97.85916
1359,97.85916
1360,97.85916
1363,101.40919
1364,101.40919
1365,101.40919
1366,101.40919
1372,101.40919
1375,101.40919
1376,101.40919
1378,101.40919
1379,101.40919
1380,101.40919
1381,101.40919
1384,101.40919
1387,101.40919
1388,101.40919
1392,101.40919
1394,100.824356
1395,100.824356
1396,100.824356
1398,100.824356
1399,100.824356
1400,100.824356
1401,100.824356
1403,100.824356
1404,100.824356
1406,100.824356
1407,100.824356
1408,100.824356
1410,100.824356
1412,100.824356
1413,100.824356
1415,100.824356
1420,100.824356
1422,100.824356
1423,100.824356
1424,100.824356
1425,100.824356
1426,100.824356
1427,100.824356
1429,100.824356
1430,100.824356
1431,100.824356
1432,100.824356
1434,100.824356
1437,100.824356
1438,100.824356
1440,100.824356
1441,100.824356
1442,100.824356
1444,100.824356
1445,100.824356
1446,100.824356
1448,102.7405
1453,102.7405
1454,102.7405
1455,102.7405
1456,102.7405
1458,102.7405
1459,102.7405
1461,102.7405
1465,102.7405
1466,102.7405
1469,102.7405
1472,102.7405
1474,102.7405
1477,102.7405
1479,101.75946
1482,101.75946
1483,101.75946
1487,101.75946
1488,101.75946
1490,101.75946
1492,101.75946
1494,101.75946
1496,101.75946
1497,101.75946
1499,101.75946
1502,101.75946
1507,101.75946
1508,101.75946
1509,101.75946
1511,101.38555
1512,101.38555
1513,101.38555
1514,101.38555
1518,101.38555
1519,101.38555
1522,101.38555
1524,101.38555
1527,101.38555
1529,101.38555
1532,101.38555
1536,100.76663
1537,100.76663
1539,100.76663
1542,100.76663
1543,100.76663
1544,100.76663
1545,100.76663
1550,100.76663
1551,100.76663
1554,100.76663
1556,100.76663
1559,100.76663
1560,100.76663
1562,100.76663
1566,99.691345
1567,99.691345
1569,99.691345
1570,99.691345
1571,99.691345
1574,99.691345
1578,99.691345
1580,99.691345
1583,99.691345
1584,99.691345
1585,99.691345
1586,99.691345
1587,99.691345
1588,99.691345
1590,99.691345
1592,99.691345
1596,99.691345
1598,99.691345
1599,99.691345
1604,99.691345
1606,99.691345
1607,99.691345
1608,99.691345
1609,99.691345
1611,99.691345
1613,99.691345
1616,101.38938
1619,101.38938
1620,101.38938
1621,101.38938
1622,101.38938
1625,101.38938
1627,101.38938
1629,101.38938
1634,101.38938
1636,101.38938
1638,101.38938
1639,101.38938
1641,101.38938
1643,101.38938
1644,101.38938
1645,101.38938
1646,101.38938
1647,101.38938
1648,101.38938
1652,102.35105
1653,102.35105
1656,102.35105
1658,102.35105
1659,102.35105
1661,102.35105
1663,102.35105
1664,102.35105
1665,102.35105
1666,102.35105
1667,102.35105
1668,102.35105
1669,102.35105
1670,102.35105
1672,102.35105
1674,102.35105
1677,102.35105
1678,102.35105
1679,102.35105
1680,102.35105
1683,102.35105
1686,102.35105
1687,102.35105
1689,99.75653
1690,99.75653
1691,99.75653
1692,99.75653
1693,99.75653
1695,99.75653
1696,99.75653
1697,99.75653
1700,99.75653
1701,99.75653
1702,99.75653
1703,99.75653
1704,99.75653
1706,99.75653
1707,99.75653
1708,99.75653
1710,99.75653
1711,99.75653
1713,99.75653
1717,99.75653
1719,99.75653
1720,99.75653
1722,99.75653
1725,99.75653
1726,99.75653
1727,99.75653
1729,99.75653
1730,99.75653
1731,99.75653
1733,99.75653
1734,99.75653
1735,99.75653
1738,99.75653
1742,112.79769
1745,112.79769
1747,112.79769
1749,112.79769
1751,112.79769
1752,112.79769
1753,112.79769
1754,112.79769
1755,112.79769
1756,112.79769
1758,112.79769
1759,112.79769
1760,112.79769
1761,112.79769
1762,112.79769
1763,112.79769
1764,112.79769
1766,112.79769
1768,112.79769
1769,112.79769
1771,112.79769
1772,112.79769
1773,112.79769
1774,112.79769
1775,112.79769
1777,112.79769
1779,112.79769
1780,112.79769
1787,108.561935
1788,108.561935
1790,108.561935
1796,108.561935
1801,108.561935
1803,108.561935
1807,100.39547
1809,100.39547
1812,100.39547
1813,100.39547
1814,100.39547
1815,100.39547
1816,100.39547
1818,100.39547
1820,100.39547
1821,100.39547
1822,100.39547
1825,100.39547
1826,100.39547
1828,100.39547
1831,100.39547
1836,100.39547
1837,100.39547
1841,98.08987
1844,98.08987
1848,98.08987
1851,98.08987
1852,98.08987
1853,98.08987
1854,98.08987
1856,98.08987
1859,98.08987
1860,98.08987
1861,98.08987
1863,98.08987
1865,101.218925
1866,101.218925
1867,101.218925
1868,101.218925
1872,101.218925
1879,101.218925
1880,101.218925
1882,101.218925
1885,101.218925
1887,101.218925
1888,101.218925
1890,99.94754
1894,99.94754
1895,99.94754
1896,99.94754
1897,99.94754
1900,99.94754
1901,99.94754
1902,99.94754
1905,99.94754
1906,99.94754
1912,99.94754
1915,102.49485
1916,102.49485
1917,102.49485
1918,102.49485
1920,102.49485
1923,102.49485
1924,102.49485
1925,102.49485
1930,102.49485
1932,102.49485
1933,102.49485
1934,102.49485
1935,102.49485
1940,102.49485
1941,102.49485
1942,102.49485
1943,102.49485
1944,102.49485
1945,102.49485
1948,102.49485
1949,102.49485
1952,105.8643
1954,105.8643
1955,105.8643
1958,105.8643
1959,105.8643
1960,105.8643
1963,105.8643
1965,105.8643
1968,105.8643
1969,105.8643
1971,105.8643
1972,105.8643
1973,105.8643
1975,105.8643
1977,105.8643
1978,105.8643
1979,105.8643
1981,105.8643
1982,105.8643
1987,106.638214
1988,106.638214
1993,106.638214
1997,106.638214
1999,106.638214
2001,106.638214
2002,106.638214
2003,106.638214
2004,106.638214
2006,106.638214
2007,106.638214
2009,100.66106
2010,100.66106
2013,100.66106
2018,100.66106
2022,100.66106
2024,100.66106
2025,100.66106
2026,100.66106
2030,100.66106
2031,100.66106
2032,100.66106
2033,100.66106
2035,100.66106
2036,100.66106
2037,100.66106
2040,104.81034
2043,104.81034
2044,104.81034
2046,104.81034
2054,104.81034
2055,104.81034
2056,104.81034
2059,104.81034
2060,104.81034
2062,104.81034
2063,104.81034
2066,104.81034
2067,104.81034
2072,102.26144
2073,102.26144
2074,102.26144
2075,102.26144
2076,102.26144
2080,102.26144
2082,102.26144
2085,102.26144
2087,102.26144
2091,102.26144
2092,102.26144
2093,102.26144
2098,102.26144
2101,102.26144
2102,102.26144
2103,102.26144
2105,102.26144
2106,102.26144
2107,102.26144
2110,102.26144
2114,102.87316
2115,102.87316
2117,102.87316
2118,102.87316
2119,102.87316
2120,102.87316
2122,102.87316
2123,102.87316
2126,102.87316
2127,102.87316
2128,102.87316
2129,102.87316
2132,102.87316
2135,102.87316
2138,102.87316
2139,102.87316
2141,102.87316
2142,102.87316
2146,102.87316
2151,96.91079
2157,96.91079
2159,96.91079
2162,96.91079
2164,96.91079
2167,96.91079
2168,96.91079
2171,104.479095
2173,104.479095
2174,104.479095
2175,104.479095
2178,104.479095
2180,104.479095
2185,104.479095
2189,104.479095
2190,104.479095
2192,104.479095
2194,104.479095
2200,102.30171
2201,102.30171
2203,102.30171
2204,102.30171
2205,102.30171
2209,102.30171
2213,102.30171
2214,102.30171
2215,102.30171
2216,102.30171
2218,102.30171
2219,102.30171
2220,102.30171
2222,102.30171
2223,102.30171
2225,102.30171
2226,102.30171
2230,102.30171
2233,102.30171
2234,102.30171
2235,102.30171
2236,102.30171
2237,102.30171
2240,103.78677
2241,103.78677
2248,103.78677
2249,103.78677
2250,103.78677
2252,103.78677
2253,103.78677
2254,103.78677
2256,103.78677
2258,103.78677
2259,103.78677
2262,103.78677
2265,103.78677
2266,103.78677
2269,102.57356
2271,102.57356
2273,102.57356
2274,102.57356
2275,102.57356
2277,102.57356
2279,102.57356
2280,102.57356
2282,102.57356
2283,102.57356
2288,102.57356
2289,102.57356
2291,102.57356
2292,102.57356
2297,102.57356
2298,102.57356
2299,102.57356
2300,102.57356
2301,102.57356
2304,99.587944
2305,99.587944
2306,99.587944
2308,99.587944
2309,99.587944
2311,99.587944
2312,99.587944
2316,99.587944
2321,99.587944
2322,99.587944
2325,99.587944
2326,99.587944
2329,99.587944
2330,99.587944
2331,99.587944
2332,99.587944
2333,99.587944
2334,99.587944
2335,99.587944
2337,99.587944
2338,99.587944
2340,99.587944
2342,99.587944
2345,99.587944
2349,101.05779
2351,101.05779
2352,101.05779
2354,101.05779
2355,101.05779
2357,101.05779
2358,101.05779
2360,101.05779
2361,101.05779
2364,101.05779
2366,101.05779
2369,101.05779
2370,101.05779
2371,101.05779
2373,101.05779
2374,101.05779
2376,101.05779
2378,101.05779
2382,111.07319
2383,111.07319
2386,111.07319
2387,111.07319
2389,111.07319
2390,111.07319
2392,111.07319
2398,111.07319
2399,111.07319
2400,111.07319
2401,111.07319
2402,111.07319
2404,111.07319
2407,111.07319
2408,111.07319
2409,111.07319
2412,111.07319
2413,111.07319
2415,111.07319
2420,101.160416
2422,101.160416
2423,101.160416
2426,101.160416
2432,101.160416
2434,101.160416
2435,101.160416
2436,101.160416
2438,101.160416
2440,101.160416
2443,101.160416
2444,101.160416
2447,101.160416
2450,104.289
2454,104.289
2455,104.289
2459,104.289
2460,104.289
2463,104.289
2465,104.289
2468,104.289
2469,104.289
2474,104.289
2478,103.0226
2480,103.0226
2481,103.0226
2489,103.0226
2490,103.0226
2492,103.0226
2496,103.0226
2497,103.0226
2500,103.0226
2505,107.22621
2507,107.22621
2508,107.22621
2509,107.22621
2510,107.22621
2513,107.22621
2515,107.22621
2518,107.22621
2519,107.22621
2520,107.22621
2521,107.22621
2523,107.22621
2525,107.22621
2529,107.22621
2530,107.22621
2533,101.70932
2535,101.70932
2538,101.70932
2544,101.70932
2553,101.70932
2556,101.70932
2558,103.24798
2559,103.24798
2560,103.24798
2561,103.24798
2562,103.24798
2563,103.24798
2564,103.24798
2565,103.24798
2567,103.24798
2572,103.24798
2575,103.24798
2576,103.24798
2577,103.24798
2578,103.24798
2579,103.24798
2580,103.24798
2582,103.24798
2583,103.24798
2587,103.24798
2589,103.24798
2590,103.24798
2591,103.24798
2594,99.92441
2597,99.92441
2598,99.92441
2599,99.92441
2600,99.92441
2602,99.92441
2603,99.92441
2604,99.92441
2606,99.92441
2607,99.92441
2608,99.92441
2613,99.92441
2614,99.92441
2615,99.92441
2617,99.92441
2620,99.92441
2623,99.92441
2624,99.92441
2627,99.92441
2629,99.92441
2630,99.92441
2632,99.92441
2636,99.14579
2639,99.14579
2640,99.14579
2642,99.14579
2644,99.14579
2646,99.14579
2647,99.14579
2649,99.14579
2650,99.14579
2652,99.14579
2653,99.14579
2655,99.14579
2657,99.14579
2659,99.14579
2662,99.14579
2663,99.14579
2664,99.14579
2665,99.14579
2670,101.410065
2671,101.410065
2672,101.410065
2675,101.410065
2677,101.410065
2679,101.410065
2683,101.410065
2684,101.410065
2685,101.410065
2688,101.410065
2689,101.410065
2690,101.410065
2693,101.410065
2694,101.410065
2697,98.92094
2699,98.92094
2703,98.92094
2705,98.92094
2709,98.92094
2710,98.92094
2711,98.92094
2712,98.92094
2713,98.92094
2714,98.92094
2715,98.92094
2717,98.92094
2718,98.92094
2720,98.92094
2721,98.92094
2726,98.92094
2728,98.92094
2731,96.28189
2732,96.28189
2734,96.28189
2736,96.28189
2737,96.28189
2738,96.28189
2739,96.28189
2746,96.28189
2749,96.28189
2751,96.28189
2752,96.28189
2753,96.28189
2757,99.25887
2758,99.25887
2759,99.25887
2760,99.25887
2762,99.25887
2764,99.25887
2765,99.25887
2769,99.25887
2771,99.25887
2774,99.25887
2776,99.25887
2777,99.25887
2778,99.25887
2779,99.25887
2782,99.25887
2784,99.25887
2787,99.25887
2789,99.25887
2792,99.25887
2798,101.35671
2799,101.35671
2800,101.35671
2801,101.35671
2802,101.35671
2804,101.35671
2807,101.35671
2808,101.35671
2809,101.35671
2811,101.35671
2812,101.35671
2814,101.35671
2816,101.35671
2817,101.35671
2818,101.35671
2820,101.35671
2821,101.35671
2822,101.35671
2823,101.35671
2824,101.35671
2826,101.35671
2829,101.35671
2834,97.065956
2835,97.065956
2838,97.065956
2839,97.065956
2840,97.065956
2841,97.065956
2842,97.065956
2846,97.065956
2848,97.065956
2849,97.065956
2850,97.065956
2851,97.065956
2853,97.065956
2854,97.065956
2858,97.065956
2861,97.065956
2864,97.065956
2865,97.065956
2866,97.065956
2867,97.065956
2868,97.065956
2870,97.065956
2877,98.491394
2878,98.491394
2880,98.491394
2882,98.491394
2883,98.491394
2884,98.491394
2885,98.491394
2887,98.491394
2888,98.491394
2889,98.491394
2890,98.491394
2891,98.491394
2892,98.491394
2893,98.491394
2898,98.491394
2899,98.491394
2900,98.491394
2901,98.491394
2909,94.40049
2910,94.40049
2911,94.40049
2913,94.40049
2914,94.40049
2918,94.40049
2919,94.40049
2920,94.40049
2921,94.40049
2922,94.40049
2923,94.40049
2925,94.40049
2926,94.40049
2927,94.40049
2929,94.40049
2933,94.40049
2934,94.40049
2936,94.40049
2941,94.40049
2942,94.40049
2943,94.40049
2945,94.40049
2950,101.11838
2951,101.11838
2953,101.11838
2954,101.11838
2955,101.11838
2956,101.11838
2960,101.11838
2962,101.11838
2963,101.11838
2964,101.11838
2966,101.11838
2967,101.11838
2968,101.11838
2969,101.11838
2971,101.11838
2972,101.11838
2974,101.11838
2975,101.11838
2977,101.11838
2980,101.11838
2981,101.11838
2983,101.11838
2984,101.11838
2985,101.11838
2986,101.11838
2987,101.11838
2989,98.86637
2990,98.86637
2991,98.86637
2992,98.86637
2995,98.86637
2996,98.86637
3002,98.86637
3004,98.86637
3005,98.86637
3006,98.86637
3010,98.86637
3011,98.86637
3014,98.86637
3015,98.86637
3016,98.86637
3017,98.86637
3018,98.86637
3021,98.86637
3024,98.86637
3028,98.86637
3030,102.0926
3032,102.0926
3039,102.0926
3040,102.0926
3041,102.0926
3043,102.0926
3044,102.0926
3046,102.0926
3055,101.67941
3056,101.67941
3058,101.67941
3059,101.67941
3061,101.67941
3063,101.67941
3066,101.67941
3067,101.67941
3068,101.67941
3069,101.67941
3072,101.67941
3073,101.67941
3074,101.67941
3077,101.67941
3082,106.18756
3084,106.18756
3085,106.18756
3088,106.18756
3091,106.18756
3092,106.18756
3093,106.18756
3094,106.18756
3096,106.18756
3097,106.18756
3098,106.18756
3102,106.18756
3106,106.18756
3109,106.18756
3111,106.18756
3112,106.18756
3113,106.18756
3115,106.18756
3116,106.18756
3117,106.18756
3121,101.006325
3122,101.006325
3123,101.006325
3124,101.006325
3125,101.006325
3126,101.006325
3127,101.006325
3129,101.006325
3130,101.006325
3132,101.006325
3134,101.006325
3135,101.006325
3137,101.006325
3138,101.006325
3140,101.006325
3144,101.006325
3145,101.006325
3146,101.006325
3147,101.006325
3148,101.006325
3149,101.006325
3150,101.006325
3151,101.006325
3152,101.006325
3155,101.006325
3156,101.006325
3159,101.006325
3161,100.23464
3162,100.23464
3163,100.23464
3165,100.23464
3172,100.23464
3173,100.23464
3176,100.23464
3177,100.23464
3179,100.23464
3183,100.23464
3186,98.38561
3187,98.38561
3189,98.38561
3190,98.38561
3192,98.38561
3193,98.38561
3194,98.38561
3197,98.38561
3198,98.38561
3200,98.38561
3201,98.38561
3202,98.38561
3204,98.38561
3205,98.38561
3206,98.38561
3208,98.38561
3210,98.38561
3211,98.38561
3212,98.38561
3213,98.38561
3214,98.38561
3216,98.38561
3219,98.38561
3220,98.38561
3221,98.38561
3226,104.28438
3227,104.28438
3228,104.28438
3229,104.28438
3232,104.28438
3233,104.28438
3234,104.28438
3236,104.28438
3238,104.28438
3239,104.28438
3240,104.28438
3247,104.28438
3249,104.28438
3252,104.28438
3253,104.28438
3254,104.28438
3255,104.28438
3256,104.28438
3257,104.28438
3262,105.44213
3263,105.44213
3264,105.44213
3266,105.44213
3267,105.44213
3269,105.44213
3272,105.44213
3274,105.44213
3275,105.44213
3277,105.44213
3279,105.44213
3280,105.44213
3283,105.44213
3285,105.44213
3287,105.44213
3288,105.44213
3290,103.248505
3291,103.248505
3298,103.248505
3299,103.248505
3302,103.248505
3303,103.248505
3304,103.248505
3307,103.248505
3309,103.248505
3314,103.248505
3316,103.248505
3317,103.248505
3319,103.93795
3320,103.93795
3321,103.93795
3322,103.93795
3324,103.93795
3326,103.93795
3329,103.93795
3330,103.93795
3331,103.93795
3335,103.93795
3337,103.93795
3338,103.93795
3339,103.93795
3340,103.93795
3341,103.93795
3343,103.93795
3346,103.93795
3348,103.93795
3351,103.93795
3352,103.93795
3355,98.96334
3356,98.96334
3358,98.96334
3359,98.96334
3360,98.96334
3371,98.96334
3372,98.96334
3374,98.96334
3377,98.96334
3378,98.96334
3380,98.96334
3382,98.96334
3386,98.54756
3389,98.54756
3391,98.54756
3393,98.54756
3394,98.54756
3395,98.54756
3397,98.54756
3398,98.54756
3399,98.54756
3400,98.54756
3404,98.54756
3407,98.54756
3409,98.54756
3419,103.428474
3421,103.428474
3425,103.428474
3427,103.428474
3428,103.428474
3429,103.428474
3431,103.428474
3435,103.428474
3436,103.428474
3439,103.428474
3441,101.76341
3442,101.76341
3443,101.76341
3444,101.76341
3445,101.76341
3446,101.76341
3449,101.76341
3453,101.76341
3457,101.76341
3460,101.76341
3461,101.76341
3462,101.76341
3464,101.76341
3465,101.76341
3466,101.76341
3467,101.76341
3468,101.76341
3469,101.76341
3470,101.76341
3472,101.76341
3473,101.76341
3475,101.76341
3476,101.76341
3478,101.76341
3479,101.76341
3483,101.76341
3484,101.76341
3485,101.76341
3487,101.76341
3488,101.76341
3496,103.0036
3497,103.0036
3499,103.0036
3500,103.0036
3501,103.0036
3504,103.0036
3508,103.0036
3511,103.0036
3512,103.0036
3515,103.0036
3517,103.02763
3518,103.02763
3526,103.02763
3528,103.02763
3529,103.02763
3530,103.02763
3531,103.02763
3532,103.02763
3533,103.02763
3534,103.02763
3535,103.02763
3536,103.02763
3537,103.02763
3538,103.02763
3539,103.02763
3540,103.02763
3545,103.02763
3546,103.02763
3550,103.02763
3551,103.02763
3553,103.02763
3554,103.02763
3557,100.206055
3558,100.206055
3559,100.206055
3561,100.206055
3562,100.206055
3563,100.206055
3564,100.206055
3565,100.206055
3567,100.206055
3571,100.206055
3572,100.206055
3574,100.206055
3576,100.206055
3577,100.206055
3578,100.206055
3579,100.206055
3583,100.206055
3585,100.206055
3586,100.206055
3587,100.206055
3593,100.206055
3594,100.206055
3595,100.206055
3599,100.206055
3600,100.206055
3601,100.206055
3602,100.206055
3604,99.99551
3609,99.99551
3610,99.99551
3612,99.99551
3614,99.99551
3615,99.99551
3617,99.99551
3618,99.99551
3619,99.99551
3620,99.99551
3621,99.99551
3625,99.99551
3626,99.99551
3630,99.99551
3631,99.99551
3632,99.99551
3633,99.99551
3634,99.99551
3637,99.99551
3639,99.1755
3640,99.1755
3641,99.1755
3644,99.1755
3645,99.1755
3646,99.1755
3647,99.1755
3648,99.1755
3653,99.1755
3654,99.1755
3655,99.1755
3659,99.1755
3660,99.1755
3662,99.1755
3666,99.1755
3668,99.1755
3671,99.1755
3673,99.1755
3674,99.1755
3675,99.1755
3681,99.42647
3682,99.42647
3686,99.42647
3687,99.42647
3692,99.42647
3695,99.42647
3696,99.42647
3699,98.23226
3705,98.23226
3707,98.23226
3708,98.23226
3709,98.23226
3710,98.23226
3712,98.23226
3715,98.23226
3716,98.23226
3720,98.23226
3722,98.23226
3726,98.23226
3728,98.23226
3729,98.23226
3731,97.97195
3735,97.97195
3736,97.97195
3739,97.97195
3741,97.97195
3743,97.97195
3744,97.97195
3745,97.97195
3746,97.97195
3751,97.97195
3753,97.97195
3760,100.37171
3761,100.37171
3762,100.37171
3763,100.37171
3765,100.37171
3768,100.37171
3769,100.37171
3770,100.37171
3773,100.37171
3774,100.37171
3776,100.37171
3778,100.37171
3779,100.37171
3780,100.37171
3781,100.37171
3782,100.37171
3783,100.37171
3784,100.37171
3786,100.37171
3789,100.37171
3790,100.37171
3793,100.37171
3795,100.37171
3797,98.958
3798,98.958
3800,98.958
3804,98.958
3810,98.958
3815,101.03211
3816,101.03211
3818,101.03211
3824,101.03211
3828,101.03211
3830,101.03211
3831,101.03211
3832,101.03211
3834,101.03211
3835,101.03211
3836,101.03211
3838,101.03211
3839,101.03211
3840,101.03211
3845,99.02258
3846,99.02258
3847,99.02258
3849,99.02258
3853,99.02258
3855,99.02258
3856,99.02258
3864,98.736465
3865,98.736465
3866,98.736465
3867,98.736465
3868,98.736465
3869,98.736465
3871,98.736465
3875,98.736465
3876,98.736465
3878,98.736465
3879,98.736465
3881,98.736465
3883,98.736465
3884,98.736465
3886,98.736465
3890,98.736465
3893,98.736465
3897,95.1276
3901,95.1276
3902,95.1276
3913,95.1276
3914,95.1276
3916,95.1276
3917,95.1276
3924,96.198006
3925,96.198006
3928,96.198006
3929,96.198006
3932,96.198006
3933,96.198006
3934,96.198006
3935,96.198006
3936,96.198006
3937,96.198006
3938,96.198006
3939,96.198006
3943,96.198006
3944,96.198006
3945,96.198006
3946,96.198006
3947,96.198006
3948,96.198006
3949,96.198006
3950,96.198006
3951,96.198006
3952,96.198006
3953,96.198006
3961,96.61752
3962,96.61752
3966,96.61752
3967,96.61752
3968,96.61752
3969,96.61752
3970,96.61752
3971,96.61752
3973,96.61752
3974,96.61752
3975,96.61752
3977,96.61752
3979,96.61752
3985,96.61752
3986,96.61752
3988,96.61752
3991,98.24509
3992,98.24509
3993,98.24509
3994,98.24509
3995,98.24509
4005,98.24509
4007,98.24509
4008,98.24509
4009,98.24509
4010,98.24509
4011,98.24509
4012,98.24509
4013,98.24509
4015,98.24509
4016,98.24509
4018,98.24509
4025,101.78463
4026,101.78463
4028,101.78463
4029,101.78463
4031,101.78463
4032,101.78463
4033,101.78463
4034,101.78463
4037,101.78463
4038,101.78463
4039,101.78463
4041,101.78463
4042,101.78463
4043,101.78463
4044,101.78463
4045,101.78463
4046,101.78463
4047,101.78463
4048,101.78463
4049,101.78463
4051,101.78463
4052,101.78463
4058,101.78463
4062,101.78463
4064,101.78463
4067,101.78463
4068,101.78463
4070,101.78463
4072,101.78463
4074,101.07455
4075,101.07455
4076,101.07455
4077,101.07455
4078,101.07455
4080,101.07455
4082,101.07455
4085,101.07455
4086,101.07455
4088,101.07455
4089,101.07455
4092,101.07455
4094,101.07455
4095,101.07455
4096,101.07455
4097,101.07455
4102,101.07455
4105,100.10318
4107,100.10318
4111,100.10318
4112,100.10318
4113,100.10318
4114,100.10318
4115,100.10318
4116,100.10318
4117,100.10318
4118,100.10318
4119,100.10318
4120,100.10318
4122,100.10318
4125,100.10318
4126,100.10318
4129,100.10318
4134,100.10318
4137,100.10318
4141,100.10318
4142,100.10318
4144,101.10979
4145,101.10979
4146,101.10979
4150,101.10979
4151,101.10979
4154,101.10979
4156,101.10979
4157,101.10979
4159,101.10979
4160,101.10979
4161,101.10979
4168,101.10979
4171,100.87331
4172,100.87331
4173,100.87331
4175,100.87331
4176,100.87331
4177,100.87331
4178,100.87331
4179,100.87331
4181,100.87331
4183,100.87331
4184,100.87331
4185,100.87331
4186,100.87331
4188,100.87331
4190,100.87331
4192,100.87331
4193,100.87331
4194,100.87331
4195,100.87331
4196,100.87331
4202,100.87331
4203,100.87331
4208,100.87331
4209,100.87331
4210,100.87331
4211,100.87331
4212,100.87331
4214,100.87331
4215,100.87331
4216,100.87331
4217,100.87331
4219,100.87331
4222,100.87331
4224,100.87331
4231,99.76099
4232,99.76099
4234,99.76099
4236,99.76099
4237,99.76099
4240,99.76099
4242,99.76099
4243,99.76099
4247,99.76099
4248,99.76099
4249,99.76099
4254,98.03691
4263,98.03691
4265,98.03691
4267,98.03691
4268,98.03691
4271,98.03691
4272,98.03691
4273,98.03691
4274,98.03691
4276,98.03691
4278,98.03691
4280,100.459885
4281,100.459885
4283,100.459885
4284,100.459885
4285,100.459885
4286,100.459885
4287,100.459885
4288,100.459885
4289,100.459885
4290,100.459885
4293,100.459885
4296,100.459885
4297,100.459885
4299,100.459885
4303,100.459885
4310,100.459885
4312,100.459885
4318,100.13064
4320,100.13064
4322,100.13064
4323,100.13064
4325,100.13064
4326,100.13064
4328,100.13064
4330,100.13064
4332,100.13064
4333,100.13064
4335,100.13064
4336,100.13064
4338,100.13064
4341,99.79561
4342,99.79561
4344,99.79561
4347,99.79561
4348,99.79561
4351,99.79561
4352,99.79561
4353,99.79561
4355,99.79561
4356,99.79561
4359,99.79561
4360,99.79561
4361,99.79561
4364,99.79561
4365,99.79561
4368,99.79561
4372,99.79561
4374,99.79561
4376,97.80075
4377,97.80075
4380,97.80075
4383,97.80075
4384,97.80075
4385,97.80075
4389,97.80075
4391,97.80075
4392,97.80075
4393,97.80075
4395,97.80075
4396,97.80075
4398,97.80075
4399,97.80075
4401,97.80075
4406,99.609924
4408,99.609924
4412,99.609924
4415,99.609924
4418,99.609924
4419,99.609924
4420,99.609924
4422,99.609924
4423,99.609924
4425,99.609924
4428,99.609924
4431,99.609924
4434,100.92246
4436,100.92246
4437,100.92246
4439,100.92246
4440,100.92246
4441,100.92246
4444,100.92246
4445,100.92246
4446,100.92246
4447,100.92246
4452,100.92246
4456,100.92246
4457,100.92246
4458,100.92246
4460,100.92246
4461,100.92246
4462,100.92246
4465,100.92246
4466,100.92246
4468,100.92246
4469,100.92246
4472,100.92246
4475,104.23224
4478,104.23224
4479,104.23224
4480,104.23224
4483,104.23224
4484,104.23224
4485,104.23224
4486,104.23224
4488,104.23224
4489,104.23224
4490,104.23224
4491,104.23224
4492,104.23224
4493,104.23224
4494,104.23224
4495,104.23224
4498,104.23224
4499,104.23224
4500,104.23224
4503,104.23224
4505,104.23224
4506,104.23224
4507,104.23224
4508,104.23224
4510,104.23224
4511,104.23224
4513,104.23224
4516,107.58689
4519,107.58689
4521,107.58689
4531,107.58689
4532,107.58689
4533,107.58689
4534,107.58689
4536,107.58689
4537,107.58689
4539,104.42101
4542,104.42101
4545,104.42101
4549,104.42101
4551,104.42101
4554,104.42101
4556,104.42101
4559,104.42101
4561,104.42101
4562,104.42101
4566,98.02516
4569,98.02516
4570,98.02516
4573,98.02516
4574,98.02516
4575,98.02516
4577,98.02516
4578,98.02516
4580,98.02516
4582,98.02516
4583,98.02516
4585,98.02516
4587,98.02516
4595,100.40043
4596,100.40043
4601,100.40043
4602,100.40043
4603,100.40043
4605,100.40043
4606,100.40043
4607,100.40043
4608,100.40043
4610,100.40043
4613,100.40043
4617,100.40043
4618,100.40043
4619,100.40043
4620,100.40043
4622,100.40043
4625,100.40043
4626,100.40043
4627,100.40043
4629,100.40043
4631,100.40043
4633,101.13548
4634,101.13548
4635,101.13548
4639,101.13548
4640,101.13548
4642,101.13548
4644,101.13548
4646,101.13548
4647,101.13548
4648,101.13548
4649,101.13548
4650,101.13548
4655,101.13548
4660,101.13548
4661,101.13548
4662,101.13548
4663,101.13548
4665,101.13548
4666,101.13548
4667,101.13548
4668,101.13548
4670,101.13548
4671,101.13548
4672,101.13548
4673,101.13548
4675,97.98163
4676,97.98163
4677,97.98163
4680,97.98163
4682,97.98163
4683,97.98163
4685,97.98163
4686,97.98163
4688,97.98163
4690,97.98163
4692,97.98163
4693,97.98163
4697,97.98163
4700,97.98163
4702,97.98163
4707,97.98163
4708,97.98163
4710,97.98163
4716,104.74966
4717,104.74966
4718,104.74966
4720,104.74966
4721,104.74966
4723,104.74966
4726,104.74966
4727,104.74966
4729,104.74966
4731,104.74966
4732,104.74966
4735,104.74966
4736,104.74966
4737,104.74966
4738,104.74966
4739,104.74966
4744,105.98009
4747,105.98009
4749,105.98009
4750,105.98009
4752,105.98009
4755,105.98009
4756,105.98009
4757,105.98009
4758,105.98009
4759,105.98009
4763,105.98009
4764,105.98009
4765,105.98009
4766,105.98009
4767,105.98009
4769,105.98009
4770,105.98009
4771,105.98009
4772,105.98009
4774,105.98009
4776,105.98009
4777,105.98009
4778,105.98009
4780,105.98009
4784,106.65787
4786,106.65787
4787,106.65787
4788,106.65787
4789,106.65787
4791,106.65787
4792,106.65787
4795,106.65787
4796,106.65787
4803,106.65787
4805,106.65787
4807,106.65787
4809,106.65787
4816,106.65787
4817,106.65787
4818,106.65787
4820,107.37204
4821,107.37204
4823,107.37204
4824,107.37204
4825,107.37204
4829,107.37204
4830,107.37204
4831,107.37204
4833,107.37204
4836,107.37204
4837,107.37204
4838,107.37204
4840,107.37204
4841,107.37204
4842,107.37204
4843,107.37204
4844,107.37204
4849,107.37204
4851,107.37204
4852,107.37204
4858,103.7269
4860,103.7269
4863,103.7269
4864,103.7269
4865,103.7269
4867,103.7269
4868,103.7269
4869,103.7269
4873,103.7269
4875,103.7269
4876,103.7269
4877,103.7269
4878,103.7269
4880,103.7269
4886,103.7269
4888,103.7269
4889,103.7269
4890,103.7269
4893,104.41805
4895,104.41805
4896,104.41805
4899,104.41805
4901,104.41805
4902,104.41805
4903,104.41805
4904,104.41805
4910,104.41805
4912,104.41805
4915,102.45499
4916,102.45499
4917,102.45499
4920,102.45499
4927,102.45499
4928,102.45499
4931,102.45499
4934,102.45499
4936,102.45499
4939,96.33274
4942,96.33274
4943,96.33274
4944,96.33274
4945,96.33274
4947,96.33274
4948,96.33274
4951,96.33274
4952,96.33274
4953,96.33274
4956,96.33274
4957,96.33274
4958,96.33274
4960,96.33274
4968,96.33274
4969,96.33274
4971,101.108284
4973,101.108284
4975,101.108284
4976,101.108284
4978,101.108284
4979,101.108284
4982,101.108284
4983,101.108284
4984,101.108284
4985,101.108284
4986,101.108284
4987,101.108284
4988,101.108284
4994,101.108284
4995,101.108284
5002,102.296585
5004,102.296585
5005,102.296585
5006,102.296585
5007,102.296585
5009,102.296585
5011,102.296585
5014,102.296585
5015,102.296585
5018,102.296585
5019,102.296585
5020,102.296585
5021,102.296585
5022,102.296585
5023,102.296585
5025,102.296585
5032,97.69874
5034,97.69874
5036,97.69874
5038,97.69874
5039,97.69874
5046,97.69874
5049,97.69874
5051,97.69874
5052,97.69874
5053,97.69874
5054,97.69874
5055,97.69874
5057,97.69874
5059,97.69874
5062,98.44634
5063,98.44634
5065,98.44634
5069,98.44634
5071,98.44634
5074,98.44634
5075,98.44634
5076,98.44634
5077,98.44634
5079,98.44634
5080,98.44634
5081,98.44634
5083,98.44634
5088,98.44634
5089,98.44634
5093,98.44634
5094,98.44634
5095,98.44634
5099,98.44634
5101,99.87232
5103,99.87232
5104,99.87232
5105,99.87232
5107,99.87232
5108,99.87232
5109,99.87232
5111,99.87232
5112,99.87232
5113,99.87232
5114,99.87232
5115,99.87232
5118,99.87232
5122,99.87232
5123,99.87232
5125,99.87232
5127,99.87232
5128,99.87232
5129,99.87232
5132,99.87232
5134,99.87232
5135,99.87232
5137,99.87232
5142,99.6257
5143,99.6257
5144,99.6257
5148,99.6257
5149,99.6257
5150,99.6257
5154,99.6257
5155,99.6257
5159,99.6257
5164,99.6257
5165,99.6257
5166,99.6257
5167,99.6257
5169,99.6257
5171,99.6257
5172,99.6257
5176,100.21025
5184,100.21025
5185,100.21025
5186,100.21025
5188,100.21025
5189,100.21025
5190,100.21025
5191,100.21025
5193,100.21025
5196,100.21025
5199,100.21025
5200,100.21025
5203,100.21025
5204,100.21025
5205,100.21025
5207,100.21025
5208,100.21025
5212,102.072334
5214,102.072334
5218,102.072334
5220,102.072334
5222,102.072334
5224,102.072334
5225,102.072334
5227,102.072334
5229,102.072334
5232,102.072334
5233,102.072334
5234,102.072334
5237,102.072334
5239,102.467354
5240,102.467354
5241,102.467354
5244,102.467354
5248,102.467354
5251,102.467354
5253,102.467354
5255,102.467354
5256,102.467354
5257,102.467354
5259,102.467354
5260,102.467354
5266,102.467354
5268,102.467354
5275,103.142815
5276,103.142815
5277,103.142815
5279,103.142815
5280,103.142815
5281,103.142815
5283,103.142815
5284,103.142815
5285,103.142815
5286,103.142815
5287,103.142815
5289,103.142815
5290,103.142815
5292,103.142815
5293,103.142815
5294,103.142815
5297,103.142815
5299,103.142815
5302,103.142815
5305,103.142815
5306,103.142815
5308,103.142815
5309,103.142815
5310,103.142815
5312,103.142815
5316,100.04726
5317,100.04726
5319,100.04726
5320,100.04726
5323,100.04726
5329,100.04726
5331,100.04726
5334,100.04726
5336,100.04726
5338,100.04726
5341,100.04726
5345,100.452705
5348,100.452705
5349,100.452705
5355,100.452705
5356,100.452705
5360,100.452705
5362,100.452705
5364,100.452705
5366,100.452705
5367,100.452705
5368,100.452705
5370,100.4799
5371,100.4799
5373,100.4799
5375,100.4799
5376,100.4799
5378,100.4799
5379,100.4799
5383,100.4799
5384,100.4799
5389,100.4799
5391,100.4799
5393,100.4799
5395,100.4799
5397,100.4799
5398,100.4799
5399,100.4799
5401,100.4799
5402,100.4799
5403,100.4799
5404,100.4799
5407,100.4799
5408,100.4799
5413,101.438644
5414,101.438644
5417,101.438644
5418,101.438644
5420,101.438644
5421,101.438644
5424,101.438644
5425,101.438644
5426,101.438644
5429,101.438644
5431,101.438644
5437,101.50085
5440,101.50085
5444,101.50085
5446,101.50085
5447,101.50085
5451,101.50085
5452,101.50085
5455,101.50085
5456,101.50085
5458,101.50085
5459,101.50085
5460,101.50085
5462,105.66767
5463,105.66767
5464,105.66767
5465,105.66767
5466,105.66767
5467,105.66767
5468,105.66767
5469,105.66767
5472,105.66767
5474,105.66767
5475,105.66767
5476,105.66767
5479,105.66767
5480,105.66767
5482,105.66767
5485,105.66767
5486,105.66767
5488,105.66767
5495,105.66767
5496,105.66767
5497,105.66767
5499,103.34122
5503,103.34122
5504,103.34122
5507,103.34122
5509,103.34122
5511,103.34122
5512,103.34122
5516,103.34122
5517,103.34122
5518,103.34122
5521,103.34122
5522,103.34122
5527,105.31805
5528,105.31805
5529,105.31805
5532,105.31805
5533,105.31805
5535,105.31805
5536,105.31805
5540,105.31805
5547,105.31805
5548,105.31805
5550,105.31805
5551,105.31805
5554,105.31805
5555,105.31805
5559,100.067924
5560,100.067924
5561,100.067924
5562,100.067924
5563,100.067924
5565,100.067924
5566,100.067924
5567,100.067924
5568,100.067924
5572,100.067924
5574,100.067924
5576,100.067924
5579,100.067924
5580,100.067924
5581,100.067924
5583,100.067924
5584,100.067924
5586,100.067924
5587,100.067924
5589,100.067924
5591,100.067924
5592,100.067924
5593,100.067924
5594,100.067924
5595,100.067924
5596,100.067924
5597,100.067924
5598,100.067924
5599,100.067924
5602,97.54812
5603,97.54812
5605,97.54812
5607,97.54812
5608,97.54812
5609,97.54812
5610,97.54812
5612,97.54812
5613,97.54812
5614,97.54812
5616,97.54812
5621,97.54812
5623,97.54812
5628,97.54812
5629,97.54812
5631,96.99037
5633,96.99037
5638,96.99037
5639,96.99037
5640,96.99037
5645,96.99037
5646,96.99037
5649,96.99037
5653,96.99037
5655,96.99037
5656,96.99037
5658,96.99037
5662,103.42502
5663,103.42502
5667,103.42502
5670,103.42502
5671,103.42502
5672,103.42502
5673,103.42502
5674,103.42502
5675,103.42502
5676,103.42502
5679,103.42502
5683,103.42502
5687,101.24659
5688,101.24659
5690,101.24659
5691,101.24659
5692,101.24659
5693,101.24659
5694,101.24659
5697,101.24659
5698,101.24659
5699,101.24659
5704,101.24659
5707,101.24659
5709,101.24659
5710,101.24659
5714,101.24659
5718,104.472015
5721,104.472015
5723,104.472015
5724,104.472015
5725,104.472015
5726,104.472015
5729,104.472015
5730,104.472015
5731,104.472015
5733,104.472015
5736,104.472015
5741,104.472015
5745,104.472015
5747,104.472015
5748,104.472015
5750,104.472015
5751,104.472015
5752,104.472015
5754,108.84096
5755,108.84096
5757,108.84096
5758,108.84096
5760,108.84096
5762,108.84096
5766,108.84096
5768,108.84096
5769,108.84096
5770,108.84096
5771,108.84096
5772,108.84096
5773,108.84096
5774,108.84096
5776,108.84096
5777,108.84096
5778,108.84096
5780,108.84096
5782,108.84096
5783,108.84096
5784,108.84096
5786,108.84096
5788,104.28984
5789,104.28984
5790,104.28984
5791,104.28984
5793,104.28984
5794,104.28984
5796,104.28984
5797,104.28984
5801,104.28984
5803,104.28984
5804,104.28984
5805,104.28984
5806,104.28984
5808,104.28984
5813,104.28984
5815,104.28984
5816,104.28984
5822,95.172226
5823,95.172226
5825,95.172226
5827,95.172226
5829,95.172226
5830,95.172226
5831,95.172226
5832,95.172226
5833,95.172226
5837,95.172226
5838,95.172226
5839,95.172226
5842,95.172226
5844,95.172226
5845,95.172226
5846,95.172226
5848,95.172226
5850,95.172226
5851,95.172226
5853,97.9385
5854,97.9385
5858,97.9385
5860,97.9385
5864,97.9385
5866,97.9385
5867,97.9385
5868,97.9385
5869,97.9385
5870,97.9385
5871,97.9385
5874,97.9385
5876,97.9385
5877,97.9385
5878,97.9385
5879,97.9385
5880,97.9385
5884,95.53208
5886,95.53208
5890,95.53208
5896,95.53208
5897,95.53208
5898,95.53208
5901,95.53208
5903,95.53208
5906,95.53208
5908,95.53208
5909,95.53208
5910,95.53208
5911,95.53208
5912,95.53208
5914,95.53208
5919,96.63378
5924,96.63378
5926,96.63378
5929,96.63378
5930,96.63378
5932,96.63378
5933,96.63378
5934,96.63378
5935,96.63378
5936,96.63378
5937,96.63378
5938,96.63378
5939,96.63378
5942,96.63378
5943,96.63378
5944,96.63378
5946,96.63378
5951,98.06909
5953,98.06909
5954,98.06909
5957,98.06909
5961,98.06909
5962,98.06909
5964,98.06909
5965,98.06909
5968,98.06909
5969,98.06909
5974,100.07304
5975,100.07304
5978,100.07304
5981,100.07304
5982,100.07304
5983,100.07304
5989,100.07304
5991,100.07304
5992,100.07304
5995,100.07304
5996,100.07304
5997,100.07304
5998,100.07304
5999,100.07304
6001,99.7542
6002,99.7542
6003,99.7542
6004,99.7542
6006,99.7542
6007,99.7542
6011,99.7542
6012,99.7542
6014,99.7542
6015,99.7542
6016,99.7542
6017,99.7542
6018,99.7542
6024,99.7542
6025,99.7542
6026,99.7542
6028,99.7542
6029,99.7542
6030,99.7542
6036,99.7542
6040,101.19337
6041,101.19337
6042,101.19337
6044,101.19337
6045,101.19337
6047,101.19337
6048,101.19337
6049,101.19337
6051,101.19337
6052,101.19337
6053,101.19337
6054,101.19337
6058,101.19337
6059,101.19337
6062,101.19337
6063,101.19337
6064,101.19337
6065,101.19337
6067,101.19337
6068,101.19337
6070,101.19337
6071,101.19337
6072,101.19337
6080,103.69425
6081,103.69425
6084,103.69425
6087,103.69425
6089,103.69425
6092,103.69425
6094,103.69425
6095,103.69425
6097,103.69425
6100,103.69425
6104,103.69425
6105,103.69425
6106,103.69425
6107,103.69425
6108,103.69425
6109,103.69425
6110,103.69425
6114,100.824554
6116,100.824554
6117,100.824554
6118,100.824554
6123,100.824554
6125,100.824554
6128,100.824554
6130,100.824554
6132,100.824554
6137,100.824554
6139,100.824554
6140,100.824554
6141,100.824554
6142,100.824554
6144,97.88334
6145,97.88334
6146,97.88334
6149,97.88334
6156,97.88334
6159,97.88334
6160,97.88334
6162,97.88334
6164,97.88334
6165,97.88334
6168,97.88334
6169,97.88334
6170,97.88334
6171,97.88334
6172,97.88334
6173,97.88334
6176,97.88334
6177,97.88334
6178,97.88334
6180,102.46867
6181,102.46867
6182,102.46867
6185,102.46867
6186,102.46867
6188,102.46867
6189,102.46867
6192,102.46867
6193,102.46867
6194,102.46867
6195,102.46867
6196,102.46867
6197,102.46867
6201,102.46867
6202,102.46867
6203,102.46867
6204,102.46867
6207,102.46867
6209,102.46867
6210,102.46867
6211,102.46867
6213,102.46867
6216,102.46867
6217,102.46867
6219,102.46867
6222,99.236496
6223,99.236496
6235,99.236496
6240,99.236496
6242,99.236496
6247,104.05409
6251,104.05409
6254,104.05409
6255,104.05409
6260,104.05409
6261,104.05409
6262,104.05409
6264,104.05409
6269,104.05409
6271,104.05409
6275,99.940384
6276,99.940384
6278,99.940384
6279,99.940384
6281,99.940384
6284,99.940384
6286,99.940384
6287,99.940384
6288,99.940384
6292,99.940384
6293,99.940384
6295,99.940384
6298,99.940384
6300,99.940384
6304,98.99076
6308,98.99076
6310,98.99076
6312,98.99076
6320,107.111015
6324,107.111015
6325,107.111015
6330,107.111015
6336,107.111015
6340,99.29271
6341,99.29271
6342,99.29271
6344,99.29271
6345,99.29271
6347,99.29271
6348,99.29271
6349,99.29271
6351,99.29271
6353,99.29271
6354,99.29271
6357,99.29271
6358,99.29271
6360,99.29271
6363,99.29271
6364,99.29271
6368,102.62417
6370,102.62417
6371,102.62417
6377,102.62417
6379,102.62417
6381,102.62417
6382,102.62417
6383,102.62417
6388,102.62417
6390,102.62417
6392,101.3901
6393,101.3901
6395,101.3901
6398,101.3901
6401,101.3901
6402,101.3901
6403,101.3901
6405,101.3901
6406,101.3901
6407,101.3901
6409,101.3901
6411,101.3901
6413,101.3901
6416,101.3901
6417,101.3901
6418,101.3901
6419,101.3901
6420,101.3901
6426,101.3901
6429,101.3901
6430,101.3901
6431,101.3901
6432,101.3901
6434,102.560745
6437,102.560745
6438,102.560745
6439,102.560745
6440,102.560745
6441,102.560745
6442,102.560745
6443,102.560745
6445,102.560745
6448,102.560745
6450,102.560745
6453,102.560745
6455,102.560745
6457,102.560745
6458,102.560745
6461,102.560745
6464,102.560745
6467,102.560745
6469,100.96952
6470,100.96952
6471,100.96952
6473,100.96952
6474,100.96952
6479,100.96952
6481,100.96952
6484,100.96952
6495,98.77074
6496,98.77074
6505,98.77074
6506,98.77074
6508,98.77074
6509,98.77074
6510,98.77074
6512,94.439606
6513,94.439606
6514,94.439606
6515,94.439606
6519,94.439606
6521,94.439606
6523,94.439606
6525,94.439606
6526,94.439606
6528,94.439606
6529,94.439606
6531,94.439606
6533,94.439606
6534,94.439606
6535,94.439606
6536,94.439606
6537,94.439606
6540,94.439606
6541,94.439606
6547,94.439606
6548,94.439606
6551,97.685524
6553,97.685524
6555,97.685524
6556,97.685524
6561,97.685524
6564,97.685524
6565,97.685524
6568,97.685524
6569,97.685524
6573,97.685524
6574,97.685524
6577,97.685524
6579,97.685524
6581,98.58968
6582,98.58968
6585,98.58968
6586,98.58968
6589,98.58968
6590,98.58968
6593,98.58968
6594,98.58968
6595,98.58968
6599,98.58968
6600,98.58968
6601,98.58968
6602,98.58968
6603,98.58968
6604,98.58968
6607,98.58968
6608,98.58968
6609,98.58968
6611,98.58968
6613,98.58968
6614,98.58968
6616,98.58968
6617,98.58968
6618,98.58968
6619,98.58968
6621,98.58968
6627,100.53026
6629,100.53026
6631,100.53026
6634,100.53026
6636,100.53026
6638,100.53026
6639,100.53026
6641,100.53026
6642,100.53026
6651,100.235214
6654,100.235214
6657,100.235214
6663,100.235214
6665,100.235214
6666,100.235214
6668,100.235214
6669,100.235214
6670,100.235214
6671,100.235214
6673,100.235214
6675,100.235214
6676,100.235214
6677,100.235214
6679,101.97878
6680,101.97878
6681,101.97878
6685,101.97878
6688,101.97878
6689,101.97878
6690,101.97878
6692,101.97878
6693,101.97878
6694,101.97878
6698,101.97878
6699,101.97878
6700,101.97878
6701,101.97878
6702,101.97878
6704,101.97878
6707,101.97878
6712,101.97878
6713,101.97878
6715,101.97878
6721,100.53713
6722,100.53713
6723,100.53713
6724,100.53713
6725,100.53713
6731,100.53713
6735,100.53713
6736,100.53713
6737,100.53713
6738,100.53713
6739,100.53713
6741,100.53713
6743,100.53713
6745,100.53713
6747,100.53713
6749,100.53713
6750,100.53713
6751,100.53713
6752,100.53713
6753,100.53713
6755,100.53713
6756,100.53713
6757,100.53713
6759,100.53713
6761,101.18228
6763,101.18228
6764,101.18228
6765,101.18228
6766,101.18228
6768,101.18228
6771,101.18228
6773,101.18228
6774,101.18228
6778,101.18228
6779,101.18228
6781,101.18228
6784,101.18228
6786,101.18228
6787,101.18228
6790,101.18228
6793,97.27007
6795,97.27007
6798,97.27007
6806,97.27007
6807,97.27007
6810,97.27007
6815,98.03369
6816,98.03369
6817,98.03369
6818,98.03369
6819,98.03369
6820,98.03369
6822,98.03369
6823,98.03369
6824,98.03369
6825,98.03369
6828,98.03369
6829,98.03369
6831,98.03369
6832,98.03369
6833,98.03369
6834,98.03369
6836,98.03369
6837,98.03369
6838,98.03369
6840,98.03369
6843,98.03369
6845,98.03369
6846,98.03369
6847,98.03369
6851,98.03369
6852,98.03369
6853,98.03369
6858,101.82991
6861,101.82991
6863,101.82991
6864,101.82991
6865,101.82991
6866,101.82991
6867,101.82991
6868,101.82991
6869,101.82991
6870,101.82991
6874,101.82991
6875,101.82991
6877,101.82991
6878,101.82991
6880,101.82991
6883,101.82991
6884,101.82991
6886,101.82991
6890,97.28262
6893,97.28262
6894,97.28262
6899,97.28262
6900,97.28262
6904,97.28262
6905,97.28262
6906,97.28262
6910,97.28262
6912,97.28262
6913,97.28262
6920,94.907524
6922,94.907524
6923,94.907524
6926,94.907524
6927,94.907524
6928,94.907524
6931,94.907524
6933,94.907524
6936,94.907524
6937,94.907524
6939,94.907524
6941,94.907524
6942,94.907524
6943,94.907524
6944,94.907524
6945,94.907524
6946,94.907524
6947,94.907524
6949,95.081345
6951,95.081345
6953,95.081345
6954,95.081345
6955,95.081345
6963,95.081345
6964,95.081345
6966,95.081345
6968,95.081345
6970,95.081345
6972,95.081345
6976,96.85775
6978,96.85775
6981,96.85775
6985,96.85775
6986,96.85775
6987,96.85775
6989,96.85775
6991,96.85775
6993,96.85775
6994,96.85775
6995,96.85775
6996,96.85775
6997,96.85775
6998,96.85775
7001,96.85775
7003,96.85775
7006,96.85775
7008,100.54573
7010,100.54573
7011,100.54573
7012,100.54573
7013,100.54573
7014,100.54573
7017,100.54573
7018,100.54573
7019,100.54573
7023,100.54573
7024,100.54573
7025,100.54573
7026,100.54573
7027,100.54573
7028,100.54573
7030,100.54573
7031,100.54573
7033,100.54573
7036,100.54573
7037,100.54573
7039,100.54573
7044,100.54573
7045,100.54573
7046,100.54573
7049,100.44755
7050,100.44755
7051,100.44755
7054,100.44755
7055,100.44755
7057,100.44755
7060,100.44755
7061,100.44755
7063,100.44755
7064,100.44755
7067,100.44755
7071,100.44755
7074,100.44755
7075,100.44755
7078,100.44755
7079,100.44755
7080,100.44755
7081,100.44755
7082,100.44755
7083,100.44755
7085,100.44755
7092,99.258446
7094,99.258446
7100,99.258446
7101,99.258446
7102,99.258446
7104,99.258446
7105,99.258446
7106,99.258446
7107,99.258446
7108,99.258446
7109,99.258446
7110,99.258446
7112,99.258446
7113,99.258446
7114,99.258446
7116,99.258446
7117,99.258446
7118,99.258446
7120,99.258446
7121,99.258446
7123,99.258446
7124,99.258446
7127,99.258446
7131,99.258446
7132,99.258446
7133,99.258446
7134,99.258446
7135,99.258446
7136,99.258446
7137,99.258446
7141,99.905174
7144,99.905174
7147,99.905174
7148,99.905174
7150,99.905174
7151,99.905174
7152,99.905174
7154,99.905174
7156,99.905174
7157,99.905174
7159,99.905174
7161,99.905174
7163,99.905174
7164,99.905174
7167,99.905174
7169,99.7055
7170,99.7055
7173,99.7055
7174,99.7055
7177,99.7055
7178,99.7055
7179,99.7055
7180,99.7055
7181,99.7055
7182,99.7055
7184,99.7055
7185,99.7055
7186,99.7055
7187,99.7055
7188,99.7055
7189,99.7055
7191,99.7055
7193,99.7055
7197,99.7055
7199,99.7055
7200,99.7055
7201,99.7055
7204,99.7055
7207,99.17388
7209,99.17388
7210,99.17388
7211,99.17388
7213,99.17388
7214,99.17388
7216,99.17388
7217,99.17388
7220,99.17388
7224,99.17388
7225,99.17388
7226,99.17388
7227,99.17388
7234,99.17388
7236,97.88302
7239,97.88302
7240,97.88302
7242,97.88302
7244,97.88302
7245,97.88302
7247,97.88302
7248,97.88302
7249,97.88302
7250,97.88302
7251,97.88302
7252,97.88302
7253,97.88302
7256,97.88302
7260,97.88302
7261,97.88302
7264,97.88302
7269,97.88302
7270,97.88302
7273,100.71383
7279,100.71383
7281,100.71383
7284,100.71383
7285,100.71383
7286,100.71383
7287,100.71383
7289,100.71383
7292,100.71383
7293,100.71383
7296,100.71383
7297,100.71383
7298,100.71383
7299,100.71383
7301,100.71383
7304,104.77287
7306,104.77287
7308,104.77287
7309,104.77287
7312,104.77287
7313,104.77287
7314,104.77287
7316,104.77287
7319,104.77287
7321,104.77287
7323,104.77287
7324,104.77287
7325,104.77287
7328,104.77287
7330,104.77287
7334,104.77287
7337,104.77287
7338,104.77287
7339,104.77287
7341,98.683
7342,98.683
7344,98.683
7345,98.683
7347,98.683
7349,98.683
7350,98.683
7353,98.683
7355,98.683
7356,98.683
7357,98.683
7358,98.683
7360,98.683
7363,98.683
7364,98.683
7366,98.683
7368,98.683
7369,98.683
7370,98.683
7373,98.683
7374,98.683
7375,98.683
7377,98.321465
7379,98.321465
7380,98.321465
7382,98.321465
7383,98.321465
7385,98.321465
7386,98.321465
7391,98.321465
7394,98.321465
7396,98.321465
7397,98.321465
7399,98.321465
7400,98.321465
7403,98.321465
7405,98.321465
7408,98.1511
7414,98.1511
7416,98.1511
7417,98.1511
7419,98.1511
7420,98.1511
7421,98.1511
7422,98.1511
7423,98.1511
7425,98.1511
7430,98.1511
7432,98.1511
7433,98.1511
7434,98.1511
7436,98.1511
7437,98.1511
7438,98.1511
7440,98.1511
7441,98.1511
7442,98.1511
7445,96.3775
7446,96.3775
7448,96.3775
7450,96.3775
7451,96.3775
7454,96.3775
7455,96.3775
7457,96.3775
7459,96.3775
7462,96.3775
7464,96.3775
7465,96.3775
7466,96.3775
7467,96.3775
7469,96.3775
7472,96.3775
7473,96.3775
7479,96.3775
7480,96.3775
7484,102.43972
7491,102.43972
7494,102.43972
7495,102.43972
7501,102.43972
7503,102.43972
7504,102.43972
7505,102.43972
7508,102.43972
7509,102.43972
7510,102.43972
7511,102.43972
7515,98.48059
7516,98.48059
7517,98.48059
7518,98.48059
7519,98.48059
7521,98.48059
7522,98.48059
7524,98.48059
7526,98.48059
7527,98.48059
7528,98.48059
7529,98.48059
7534,98.48059
7537,98.48059
7538,98.48059
7540,98.48059
7541,98.48059
7545,99.00027
7551,99.00027
7553,99.00027
7554,99.00027
7555,99.00027
7561,99.00027
7562,99.00027
7564,99.00027
7565,99.00027
7566,99.00027
7567,99.00027
7569,99.00027
7570,99.00027
7571,99.00027
7572,99.00027
7574,99.00027
7578,99.19053
7579,99.19053
7586,99.19053
7587,99.19053
7590,99.19053
7593,99.19053
7594,99.19053
7595,99.19053
7600,99.48043
7601,99.48043
7602,99.48043
7603,99.48043
7604,99.48043
7606,99.48043
7608,99.48043
7613,99.48043
7615,99.48043
7616,99.48043
7617,99.48043
7618,99.48043
7619,99.48043
7622,99.48043
7623,99.48043
7624,99.48043
7625,99.48043
7626,99.48043
7627,99.48043
7628,99.48043
7631,99.48043
7632,99.48043
7633,99.48043
7634,99.48043
7635,99.48043
7636,99.48043
7637,99.48043
7639,99.48043
7640,99.48043
7644,99.48043
7645,99.48043
7648,100.34194
7649,100.34194
7650,100.34194
7652,100.34194
7653,100.34194
7655,100.34194
7659,100.34194
7662,100.34194
7664,100.34194
7666,100.34194
7668,100.34194
7669,100.34194
7670,100.34194
7672,100.34194
7673,100.34194
7678,100.34194
7679,100.34194
7680,100.34194
7683,100.65046
7685,100.65046
7688,100.65046
7690,100.65046
7692,100.65046
7693,100.65046
7695,100.65046
7696,100.65046
7698,100.65046
7699,100.65046
7702,100.65046
7703,100.65046
7704,100.65046
7707,100.65046
7713,95.65035
7715,95.65035
7717,95.65035
7718,95.65035
7719,95.65035
7721,95.65035
7722,95.65035
7725,95.65035
7727,95.65035
7730,95.65035
7733,95.65035
7735,95.65035
7740,95.65035
7741,95.65035
7742,95.65035
7744,95.65035
7747,95.65035
7750,95.65035
7752,95.65035
7754,100.41312
7756,100.41312
7757,100.41312
7758,100.41312
7760,100.41312
7761,100.41312
7763,100.41312
7765,100.41312
7767,100.41312
7768,100.41312
7771,100.41312
7773,100.41312
7774,100.41312
7776,100.41312
7779,100.41312
7783,100.41312
7786,96.819695
7787,96.819695
7789,96.819695
7791,96.819695
7793,96.819695
7794,96.819695
7795,96.819695
7799,96.819695
7800,96.819695
7802,96.819695
7805,96.819695
7807,96.819695
7808,96.819695
7811,96.819695
7817,104.38985
7818,104.38985
7819,104.38985
7822,104.38985
7823,104.38985
7825,104.38985
7828,104.38985
7832,104.38985
7833,104.38985
7834,104.38985
7835,104.38985
7837,104.38985
7840,104.38985
7842,104.38985
7843,104.38985
7844,104.38985
7846,100.797295
7850,100.797295
7853,100.797295
7855,100.797295
7858,100.797295
7863,100.797295
7865,100.797295
7866,100.797295
7868,100.797295
7869,100.797295
7871,100.797295
7872,100.797295
7874,99.28413
7877,99.28413
7878,99.28413
7879,99.28413
7881,99.28413
7883,99.28413
7885,99.28413
7886,99.28413
7889,99.28413
7890,99.28413
7891,99.28413
7893,99.28413
7894,99.28413
7896,99.28413
7898,99.28413
7901,99.28413
7902,99.28413
7904,99.28413
7905,99.28413
7906,99.28413
7909,101.33854
7910,101.33854
7913,101.33854
7918,101.33854
7919,101.33854
7923,101.33854
7925,101.33854
7927,101.33854
7930,95.2609
7932,95.2609
7933,95.2609
7935,95.2609
7939,95.2609
7942,95.2609
7943,95.2609
7945,95.2609
7946,95.2609
7948,95.2609
7949,95.2609
7950,95.2609
7951,95.2609
7955,95.2609
7959,93.737366
7960,93.737366
7961,93.737366
7962,93.737366
7964,93.737366
7965,93.737366
7966,93.737366
7967,93.737366
7968,93.737366
7971,93.737366
7974,93.737366
7976,93.737366
7978,93.737366
7982,93.737366
7983,93.737366
7984,93.737366
7986,93.737366
7989,93.737366
7991,93.737366
7992,93.737366
7993,93.737366
7994,93.737366
7995,93.737366
7997,93.737366
7998,93.737366
7999,93.737366
8002,93.737366
8007,97.692055
8009,97.692055
8011,97.692055
8013,97.692055
8015,97.692055
8017,97.692055
8019,97.692055
8023,97.692055
8024,97.692055
8026,97.692055
8027,97.692055
8029,97.692055
8030,97.692055
8031,97.692055
8033,97.692055
8035,96.806335
8036,96.806335
8039,96.806335
8042,96.806335
8044,96.806335
8046,96.806335
8048,96.806335
8049,96.806335
8050,96.806335
8053,96.806335
8054,96.806335
8059,96.806335
8061,96.806335
8062,96.806335
8064,99.16683
8066,99.16683
8067,99.16683
8068,99.16683
8070,99.16683
8071,99.16683
8072,99.16683
8076,99.16683
8080,99.16683
8081,99.16683
8084,99.16683
8087,99.16683
8089,99.16683
8090,99.16683
8091,99.16683
8094,99.16683
8100,99.88516
8101,99.88516
8110,99.88516
8111,99.88516
8112,99.88516
8115,99.88516
8116,99.88516
8118,105.8204
8121,105.8204
8125,105.8204
8127,105.8204
8128,105.8204
8129,105.8204
8131,105.8204
8138,105.8204
8139,105.8204
8140,105.8204
8141,105.8204
8142,105.8204
8143,105.8204
8145,105.8204
8146,105.8204
8148,105.8204
8153,96.90474
8154,96.90474
8155,96.90474
8161,96.90474
8162,96.90474
8163,96.90474
8166,96.90474
8168,96.90474
8170,96.90474
8172,96.90474
8173,96.90474
8176,96.90474
8179,96.90474
8181,96.90474
8182,96.90474
8184,95.12382
8190,95.12382
8191,95.12382
8194,95.12382
8196,95.12382
8198,95.12382
8199,95.12382
8201,95.12382
8202,95.12382
8207,101.22208
8208,101.22208
8211,101.22208
8214,101.22208
8217,101.22208
8218,101.22208
8222,101.22208
8229,101.22208
8231,101.22208
8233,101.22208
8236,101.22208
8238,97.31833
8240,97.31833
8243,97.31833
8246,97.31833
8250,97.31833
8254,97.31833
8256,97.31833
8257,97.31833
8258,97.31833
8260,97.31833
8261,97.31833
8263,97.31833
8264,97.31833
8267,96.15266
8268,96.15266
8271,96.15266
8272,96.15266
8275,96.15266
8276,96.15266
8277,96.15266
8278,96.15266
8279,96.15266
8280,96.15266
8281,96.15266
8282,96.15266
8287,96.15266
8288,96.15266
8289,96.15266
8294,96.15266
8296,96.15266
8299,96.15266
8302,95.402245
8308,95.402245
8314,95.402245
8315,95.402245
8316,95.402245
8317,95.402245
8319,95.402245
8320,95.402245
8321,95.402245
8323,100.61866
8325,100.61866
8326,100.61866
8328,100.61866
8330,100.61866
8331,100.61866
8332,100.61866
8334,100.61866
8338,100.61866
8339,100.61866
8341,100.61866
8345,100.61866
8346,100.61866
8347,100.61866
8349,100.61866
8351,100.61866
8352,100.61866
8353,100.61866
8355,98.75312
8358,98.75312
8359,98.75312
8360,98.75312
8361,98.75312
8363,98.75312
8364,98.75312
8365,98.75312
8366,98.75312
8370,98.75312
8372,98.75312
8376,98.75312
8377,98.75312
8379,98.75312
8380,98.75312
8381,98.75312
8386,99.39146
8388,99.39146
8389,99.39146
8391,99.39146
8394,99.39146
8396,99.39146
8398,99.39146
8400,99.39146
8401,99.39146
8404,99.39146
8407,99.39146
8408,99.39146
8409,99.39146
8410,99.39146
8411,99.39146
8413,99.39146
8414,99.39146
8416,99.39146
